Institusjonskode;Fakultetskode;Avdelingskode;NVA_INSTITUTION;NVA_ID;Match
1260;;;150;150.0.0.0;top_level
1260;320;320000;150;150.30.0.0;
1260;310;310000;150;150.31.0.0;
1260;340;340000;150;150.34.0.0;
1260;350;350000;150;150.35.0.0;
1260;120;120200;150;150.4.0.0;
1260;120;120000;150;150.4.1.0;
8225;;;1525;1525.0.0.0;top_level
8225;;;1525;1525.1.0.0;
8225;;;1525;1525.10.0.0;
8225;;;1525;1525.6.0.0;
8225;;;1525;1525.8.0.0;
8225;;;1525;1525.9.0.0;
8227;;;1526;1526.0.0.0;top_level
8241;;;158;158.0.0.0;top_level
8241;310;310000;158;158.1.0.0;
8241;390;390000;158;158.11.0.0;
8241;320;320000;158;158.12.0.0;
8241;400;400000;158;158.13.0.0;
8241;430;430000;158;158.15.0.0;
8241;410;410000;158;158.20.0.0;
8241;;;158;158.21.0.0;
8241;330;330000;158;158.3.0.0;
8241;340;340000;158;158.4.0.0;
8241;360;360000;158;158.7.0.0;
8241;370;370000;158;158.8.0.0;
8241;380;380000;158;158.9.0.0;
8253;;;1615;1615.0.0.0;top_level
8253;310;310000;1615;1615.10.0.0;
8253;320;320000;1615;1615.20.0.0;
8253;320;320100;1615;1615.20.10.0;
8253;320;320200;1615;1615.20.20.0;
8253;320;320300;1615;1615.20.30.0;
8253;320;320400;1615;1615.20.98.0;
8253;330;330000;1615;1615.30.0.0;
8253;330;330100;1615;1615.30.10.0;
8253;330;330200;1615;1615.30.20.0;
8253;330;330300;1615;1615.30.30.0;
8253;340;340000;1615;1615.40.0.0;
8253;340;340100;1615;1615.40.10.0;
8253;340;340300;1615;1615.40.30.0;
8253;350;350000;1615;1615.50.0.0;
1407;;;1620;1620.0.0.0;top_level
8247;;;1622;1622.0.0.0;
8248;;;1624;1624.0.0.0;
1303;;;1627;1627.0.0.0;top_level
1303;240;240000;1627;1627.2.0.0;
1303;230;230000;1627;1627.3.0.0;
1303;220;220000;1627;1627.4.0.0;
1303;250;250000;1627;1627.5.0.0;
1303;210;210000;1627;1627.7.0.0;
1303;210;210000;1627;1627.8.0.0;
1303;210;210000;1627;1627.9.0.0;
1302;;;1661;1661.0.0.0;
1210;;;178;178.0.0.0;top_level
1210;120;120000;178;178.2.0.0;
1210;120;120000;178;178.2.30.0;
1210;120;120000;178;178.2.31.0;
1210;120;120000;178;178.2.32.0;
1210;120;120000;178;178.2.33.0;
1210;120;120000;178;178.2.34.0;
1210;120;120310;178;178.2.40.0;
1210;;;178;178.3.0.0;
1210;;;178;178.3.1.0;
1210;;;178;178.3.2.0;
1210;;;178;178.3.3.0;
1210;;;178;178.3.4.0;
1210;;;178;178.3.5.0;
1210;;;178;178.3.6.0;
1210;;;178;178.3.7.0;
1210;;;178;178.3.8.0;
1210;;;178;178.4.0.0;
1210;;;178;178.4.1.0;
1210;;;178;178.4.2.0;
1210;;;178;178.4.3.0;
1120;;;184;184.0.0.0;top_level
1120;220;220000;184;184.11.0.0;
1120;220;220100;184;184.11.1.0;
1120;220;220100;184;184.11.1.10;
1120;360;360380;184;184.11.1.11;
1120;220;220440;184;184.11.20.0;
1120;220;220430;184;184.11.21.0;
1120;220;220420;184;184.11.22.0;
1120;220;220450;184;184.11.62.0;
1120;220;220890;184;184.11.74.0;
1120;220;220910;184;184.11.75.0;
1120;220;220945;184;184.11.82.0;
1120;260;260000;184;184.12.0.0;
1120;260;260000;184;184.12.0.4;
1120;260;260000;184;184.12.0.5;
1120;260;260100;184;184.12.1.10;
1120;260;260210;184;184.12.11.0;
1120;260;260220;184;184.12.12.0;
1120;260;260220;184;184.12.12.12;
1120;260;260250;184;184.12.24.0;
1120;260;260260;184;184.12.31.0;
1120;260;260260;184;184.12.31.30;
1120;260;260330;184;184.12.32.0;
1120;260;260470;184;184.12.44.0;
1120;260;260420;184;184.12.50.0;
1120;260;260600;184;184.12.60.0;
1120;260;260350;184;184.12.70.0;
1120;260;260895;184;184.12.80.0;
1120;260;260875;184;184.12.90.0;
1120;260;260870;184;184.12.95.0;
1120;260;260870;184;184.12.96.0;
1120;250;250000;184;184.13.0.0;
1120;250;250100;184;184.13.0.1;
1120;250;250100;184;184.13.1.10;
1120;250;250100;184;184.13.1.20;
1120;250;250740;184;184.13.1.30;
1120;250;250100;184;184.13.1.40;
1120;250;250280;184;184.13.11.0;
1120;250;250280;184;184.13.12.0;
1120;250;250280;184;184.13.13.0;
1120;250;250280;184;184.13.14.0;
1120;250;250000;184;184.13.15.0;
1120;250;250490;184;184.13.19.0;
1120;250;250490;184;184.13.19.50;
1120;250;250750;184;184.13.24.0;
1120;250;250760;184;184.13.25.0;
1120;250;250770;184;184.13.26.0;
1120;250;250770;184;184.13.26.98;
1120;250;250770;184;184.13.26.99;
1120;250;250480;184;184.13.27.0;
1120;250;250450;184;184.13.41.0;
1120;250;250450;184;184.13.41.10;
1120;250;250450;184;184.13.41.20;
1120;250;250450;184;184.13.45.0;
1120;250;250000;184;184.13.46.1;
1120;250;250450;184;184.13.50.0;
1120;250;250450;184;184.13.53.0;
1120;250;250000;184;184.13.59.0;
1120;250;250000;184;184.13.59.1;
1120;210;210000;184;184.15.0.0;
1120;210;210100;184;184.15.0.1;
1120;210;210830;184;184.15.11.0;
1120;210;210815;184;184.15.12.0;
1120;210;210810;184;184.15.13.0;
1120;210;210620;184;184.15.15.0;
1120;210;210630;184;184.15.17.0;
1120;210;210630;184;184.15.17.97;
1120;210;210880;184;184.15.34.0;
1120;210;210210;184;184.15.41.0;
1120;230;230000;184;184.16.0.0;
1120;230;230000;184;184.16.0.99;
1120;230;230100;184;184.16.1.10;
1120;270;270000;184;184.17.0.0;
1120;270;270100;184;184.17.0.1;
1120;270;270100;184;184.17.1.10;
1120;270;270610;184;184.17.32.0;
1120;270;270950;184;184.17.33.0;
1120;270;270630;184;184.17.34.0;
1120;270;270640;184;184.17.35.0;
1120;270;270640;184;184.17.35.15;
1120;270;270640;184;184.17.35.17;
1120;270;270690;184;184.17.42.0;
1120;270;270710;184;184.17.50.0;
1120;270;270720;184;184.17.60.0;
1120;;;184;184.18.0.0;
1120;280;280100;184;184.18.1.0;
1120;280;280210;184;184.18.10.0;
1120;280;280220;184;184.18.20.0;
1120;280;280230;184;184.18.30.0;
1120;280;280240;184;184.18.90.0;
1120;;;184;184.19.0.0;
1120;260;260875;184;184.19.10.0;
1120;290;290250;184;184.19.15.0;
1120;290;290000;184;184.19.81.0;
1120;120;120370;184;184.19.82.0;
1120;120;120380;184;184.19.92.0;
1120;290;290000;184;184.19.94.0;
1120;290;290000;184;184.19.96.0;
1120;290;290000;184;184.19.98.0;
1120;;;184;184.21.0.0;
1120;120;120150;184;184.21.10.0;
1120;120;120100;184;184.21.20.0;
1120;120;120360;184;184.21.50.0;
1120;120;120340;184;184.21.60.0;
1120;120;120215;184;184.21.70.0;
1120;120;120350;184;184.21.80.0;
1120;120;120330;184;184.22.10.0;
1120;120;120250;184;184.23.10.0;
1120;310;310000;184;184.32.0.0;
1120;310;310000;184;184.32.1.0;
1120;310;310000;184;184.32.11.0;
1120;310;310000;184;184.32.12.0;
1120;310;310000;184;184.32.13.0;
1120;310;310000;184;184.32.16.0;
1120;310;310000;184;184.32.17.0;
1120;310;310000;184;184.32.20.0;
1120;310;310000;184;184.32.3.0;
1120;310;310000;184;184.32.4.0;
1120;310;310000;184;184.32.50.0;
1120;;;184;184.34.0.0;
1120;350;350120;184;184.34.10.0;
1120;350;350130;184;184.34.20.0;
1120;350;350140;184;184.34.30.0;
1120;350;350000;184;184.34.30.10;
1120;350;350140;184;184.34.30.20;
1120;350;350150;184;184.34.40.0;
1120;350;350110;184;184.34.40.10;
1120;350;350000;184;184.34.50.0;
1120;380;380000;184;184.35.14.0;
1120;;;184;184.70.0.0;
1120;;;184;184.70.50.0;
1110;;;185;185.0.0.0;
1110;280;280000;185;185.11.0.0;
1110;280;280100;185;185.11.0.10;
1110;280;280820;185;185.11.0.20;
1110;280;280820;185;185.11.0.30;
1110;230;230000;185;185.12.0.0;
1110;230;230100;185;185.12.0.10;
1110;230;230310;185;185.12.1.0;
1110;230;230310;185;185.12.1.10;
1110;230;230220;185;185.12.2.0;
1110;230;230220;185;185.12.2.10;
1110;230;230220;185;185.12.2.20;
1110;230;230330;185;185.12.3.10;
1110;230;230340;185;185.12.4.0;
1110;230;230340;185;185.12.4.10;
1110;230;230210;185;185.12.5.0;
1110;230;230210;185;185.12.5.10;
1110;230;230320;185;185.12.6.0;
1110;230;230350;185;185.12.7.0;
1110;250;250000;185;185.13.0.0;
1110;250;250100;185;185.13.0.10;
1110;250;250100;185;185.13.0.60;
1110;250;250280;185;185.13.10.0;
1110;250;250280;185;185.13.10.20;
1110;250;250280;185;185.13.10.30;
1110;250;250280;185;185.13.10.4;
1110;250;250280;185;185.13.10.40;
1110;250;250280;185;185.13.10.50;
1110;250;250280;185;185.13.10.60;
1110;250;250280;185;185.13.10.7;
1110;250;250280;185;185.13.10.70;
1110;250;250280;185;185.13.10.8;
1110;250;250280;185;185.13.10.80;
1110;250;250210;185;185.13.11.0;
1110;250;250210;185;185.13.11.10;
1110;250;250210;185;185.13.11.20;
1110;250;250210;185;185.13.11.21;
1110;250;250210;185;185.13.11.22;
1110;250;250210;185;185.13.11.23;
1110;250;250210;185;185.13.11.30;
1110;250;250210;185;185.13.11.40;
1110;250;250210;185;185.13.11.50;
1110;250;250210;185;185.13.11.60;
1110;250;250210;185;185.13.11.70;
1110;250;250810;185;185.13.12.0;
1110;250;250810;185;185.13.12.10;
1110;250;250810;185;185.13.12.20;
1110;250;250310;185;185.13.13.0;
1110;250;250340;185;185.13.14.0;
1110;250;250340;185;185.13.14.1;
1110;250;250340;185;185.13.14.10;
1110;250;250340;185;185.13.14.11;
1110;250;250340;185;185.13.14.14;
1110;250;250340;185;185.13.14.15;
1110;250;250340;185;185.13.14.16;
1110;250;250340;185;185.13.14.17;
1110;250;250340;185;185.13.14.18;
1110;250;250340;185;185.13.14.19;
1110;250;250340;185;185.13.14.2;
1110;250;250340;185;185.13.14.20;
1110;250;250340;185;185.13.14.21;
1110;250;250340;185;185.13.14.22;
1110;250;250340;185;185.13.14.23;
1110;250;250340;185;185.13.14.24;
1110;250;250340;185;185.13.14.25;
1110;250;250340;185;185.13.14.26;
1110;250;250340;185;185.13.14.27;
1110;250;250340;185;185.13.14.28;
1110;250;250340;185;185.13.14.29;
1110;250;250340;185;185.13.14.3;
1110;250;250340;185;185.13.14.30;
1110;250;250340;185;185.13.14.31;
1110;250;250340;185;185.13.14.32;
1110;250;250340;185;185.13.14.33;
1110;250;250340;185;185.13.14.34;
1110;250;250340;185;185.13.14.35;
1110;250;250340;185;185.13.14.36;
1110;250;250340;185;185.13.14.37;
1110;250;250340;185;185.13.14.4;
1110;250;250340;185;185.13.14.5;
1110;250;250340;185;185.13.14.6;
1110;250;250340;185;185.13.14.8;
1110;250;250340;185;185.13.14.9;
1110;250;250360;185;185.13.15.0;
1110;250;250360;185;185.13.15.10;
1110;250;250360;185;185.13.15.11;
1110;250;250360;185;185.13.15.12;
1110;250;250360;185;185.13.15.13;
1110;250;250360;185;185.13.15.14;
1110;250;250360;185;185.13.15.15;
1110;250;250360;185;185.13.15.16;
1110;250;250360;185;185.13.15.17;
1110;250;250360;185;185.13.15.2;
1110;250;250360;185;185.13.15.3;
1110;250;250360;185;185.13.15.4;
1110;250;250360;185;185.13.15.5;
1110;250;250360;185;185.13.15.6;
1110;250;250360;185;185.13.15.7;
1110;250;250360;185;185.13.15.8;
1110;250;250360;185;185.13.15.9;
1110;250;250330;185;185.13.16.0;
1110;250;250330;185;185.13.16.1;
1110;250;250330;185;185.13.16.10;
1110;250;250330;185;185.13.16.11;
1110;250;250330;185;185.13.16.12;
1110;250;250330;185;185.13.16.13;
1110;250;250330;185;185.13.16.14;
1110;250;250330;185;185.13.16.15;
1110;250;250330;185;185.13.16.16;
1110;250;250330;185;185.13.16.17;
1110;250;250330;185;185.13.16.18;
1110;250;250330;185;185.13.16.19;
1110;250;250330;185;185.13.16.2;
1110;250;250330;185;185.13.16.21;
1110;250;250330;185;185.13.16.4;
1110;250;250250;185;185.13.17.0;
1110;250;250250;185;185.13.17.10;
1110;250;250250;185;185.13.17.20;
1110;250;250250;185;185.13.17.30;
1110;250;250250;185;185.13.17.40;
1110;250;250250;185;185.13.17.50;
1110;250;250250;185;185.13.17.60;
1110;250;250250;185;185.13.17.70;
1110;250;250250;185;185.13.17.80;
1110;250;250250;185;185.13.17.90;
1110;250;250250;185;185.13.17.95;
1110;250;250350;185;185.13.18.0;
1110;250;250350;185;185.13.18.1;
1110;250;250350;185;185.13.18.10;
1110;250;250350;185;185.13.18.15;
1110;250;250350;185;185.13.18.20;
1110;250;250350;185;185.13.18.25;
1110;250;250350;185;185.13.18.30;
1110;250;250350;185;185.13.18.35;
1110;250;250350;185;185.13.18.40;
1110;250;250350;185;185.13.18.45;
1110;250;250350;185;185.13.18.5;
1110;250;250350;185;185.13.18.50;
1110;250;250350;185;185.13.18.55;
1110;250;250350;185;185.13.18.60;
1110;250;250350;185;185.13.18.65;
1110;250;250350;185;185.13.18.70;
1110;250;250350;185;185.13.18.75;
1110;250;250350;185;185.13.18.80;
1110;250;250350;185;185.13.18.85;
1110;250;250350;185;185.13.18.90;
1110;250;250350;185;185.13.18.95;
1110;250;250320;185;185.13.19.0;
1110;250;250320;185;185.13.19.10;
1110;250;250320;185;185.13.19.20;
1110;250;250320;185;185.13.19.30;
1110;250;250320;185;185.13.19.40;
1110;250;250320;185;185.13.19.50;
1110;250;250320;185;185.13.19.60;
1110;250;250320;185;185.13.19.70;
1110;220;220000;185;185.14.0.0;
1110;220;220100;185;185.14.0.10;
1110;220;220100;185;185.14.0.11;
1110;220;220100;185;185.14.0.12;
1110;220;220100;185;185.14.0.15;
1110;220;220100;185;185.14.0.17;
1110;220;220000;185;185.14.0.20;
1110;220;220000;185;185.14.0.53;
1110;220;220415;185;185.14.10.0;
1110;220;220415;185;185.14.10.10;
1110;220;220415;185;185.14.10.20;
1110;220;220415;185;185.14.10.30;
1110;220;220225;185;185.14.11.0;
1110;220;220225;185;185.14.11.10;
1110;220;220225;185;185.14.11.30;
1110;220;220225;185;185.14.11.40;
1110;220;220225;185;185.14.11.50;
1110;220;220255;185;185.14.12.0;
1110;220;220980;185;185.14.13.0;
1110;220;220360;185;185.14.14.0;
1110;220;220360;185;185.14.14.10;
1110;220;220360;185;185.14.14.20;
1110;220;220360;185;185.14.14.30;
1110;220;220950;185;185.14.15.0;
1110;220;220215;185;185.14.2.0;
1110;220;220925;185;185.14.20.0;
1110;220;220925;185;185.14.20.1;
1110;220;220935;185;185.14.21.0;
1110;220;220510;185;185.14.3.0;
1110;220;220510;185;185.14.3.10;
1110;220;220510;185;185.14.3.20;
1110;220;220720;185;185.14.31.0;
1110;220;220720;185;185.14.31.10;
1110;220;220720;185;185.14.31.20;
1110;220;220720;185;185.14.31.21;
1110;220;220720;185;185.14.31.30;
1110;220;220720;185;185.14.31.40;
1110;220;220730;185;185.14.32.0;
1110;220;220730;185;185.14.32.10;
1110;220;220730;185;185.14.32.20;
1110;220;220730;185;185.14.32.25;
1110;220;220730;185;185.14.32.30;
1110;220;220730;185;185.14.32.40;
1110;220;220730;185;185.14.32.50;
1110;220;220730;185;185.14.32.60;
1110;220;220730;185;185.14.32.70;
1110;220;220730;185;185.14.32.80;
1110;220;220730;185;185.14.32.85;
1110;220;220730;185;185.14.32.95;
1110;220;220740;185;185.14.33.0;
1110;220;220740;185;185.14.33.10;
1110;220;220740;185;185.14.33.20;
1110;220;220740;185;185.14.33.30;
1110;220;220740;185;185.14.33.40;
1110;220;220740;185;185.14.33.50;
1110;220;220740;185;185.14.33.70;
1110;220;220750;185;185.14.34.0;
1110;220;220750;185;185.14.34.10;
1110;220;220750;185;185.14.34.20;
1110;220;220750;185;185.14.34.21;
1110;220;220750;185;185.14.34.22;
1110;220;220750;185;185.14.34.30;
1110;220;220750;185;185.14.34.40;
1110;220;220750;185;185.14.34.41;
1110;220;220750;185;185.14.34.50;
1110;220;220750;185;185.14.34.60;
1110;220;220750;185;185.14.34.70;
1110;220;220750;185;185.14.34.71;
1110;220;220750;185;185.14.34.93;
1110;220;220760;185;185.14.35.0;
1110;220;220760;185;185.14.35.10;
1110;220;220760;185;185.14.35.15;
1110;220;220760;185;185.14.35.20;
1110;220;220760;185;185.14.35.25;
1110;220;220760;185;185.14.35.30;
1110;220;220760;185;185.14.35.35;
1110;220;220760;185;185.14.35.40;
1110;220;220760;185;185.14.35.46;
1110;220;220760;185;185.14.35.48;
1110;220;220760;185;185.14.35.5;
1110;220;220760;185;185.14.35.50;
1110;220;220760;185;185.14.35.55;
1110;220;220760;185;185.14.35.60;
1110;220;220760;185;185.14.35.70;
1110;220;220760;185;185.14.35.80;
1110;220;220770;185;185.14.36.0;
1110;220;220770;185;185.14.36.10;
1110;220;220770;185;185.14.36.20;
1110;220;220770;185;185.14.36.50;
1110;220;220770;185;185.14.36.95;
1110;220;220230;185;185.14.4.0;
1110;220;220310;185;185.14.5.0;
1110;220;220310;185;185.14.5.10;
1110;220;220245;185;185.14.6.0;
1110;220;220350;185;185.14.7.0;
1110;220;220210;185;185.14.8.0;
1110;220;220710;185;185.14.9.0;
1110;220;220710;185;185.14.9.10;
1110;260;260000;185;185.15.0.0;
1110;260;260100;185;185.15.0.10;
1110;260;260100;185;185.15.0.11;
1110;260;260100;185;185.15.0.16;
1110;260;260100;185;185.15.0.19;
1110;260;260870;185;185.15.0.30;
1110;260;260100;185;185.15.0.40;
1110;260;260000;185;185.15.0.41;
1110;260;260000;185;185.15.0.42;
1110;260;260450;185;185.15.1.70;
1110;260;260260;185;185.15.12.0;
1110;260;260260;185;185.15.12.20;
1110;260;260260;185;185.15.12.30;
1110;260;260260;185;185.15.12.40;
1110;260;260260;185;185.15.12.51;
1110;260;260260;185;185.15.12.52;
1110;260;260260;185;185.15.12.53;
1110;260;260260;185;185.15.12.54;
1110;260;260260;185;185.15.12.56;
1110;260;260260;185;185.15.12.57;
1110;260;260260;185;185.15.12.59;
1110;260;260260;185;185.15.12.60;
1110;260;260260;185;185.15.12.62;
1110;260;260260;185;185.15.12.63;
1110;260;260260;185;185.15.12.70;
1110;260;260210;185;185.15.13.0;
1110;260;260210;185;185.15.13.15;
1110;260;260210;185;185.15.13.20;
1110;260;260210;185;185.15.13.25;
1110;260;260210;185;185.15.13.35;
1110;260;260210;185;185.15.13.40;
1110;260;260210;185;185.15.13.45;
1110;260;260210;185;185.15.13.55;
1110;260;260210;185;185.15.13.65;
1110;260;260875;185;185.15.17.0;
1110;260;260875;185;185.15.17.10;
1110;260;260875;185;185.15.17.20;
1110;260;260890;185;185.15.18.0;
1110;260;260890;185;185.15.18.10;
1110;260;260890;185;185.15.18.20;
1110;260;260430;185;185.15.20.0;
1110;260;260490;185;185.15.21.0;
1110;260;260490;185;185.15.21.10;
1110;260;260490;185;185.15.21.20;
1110;260;260490;185;185.15.21.30;
1110;260;260490;185;185.15.21.40;
1110;260;260490;185;185.15.21.50;
1110;260;260490;185;185.15.21.60;
1110;260;260490;185;185.15.21.80;
1110;260;260490;185;185.15.21.90;
1110;260;260440;185;185.15.22.0;
1110;260;260440;185;185.15.22.10;
1110;260;260440;185;185.15.22.20;
1110;260;260440;185;185.15.22.30;
1110;260;260440;185;185.15.22.40;
1110;260;260440;185;185.15.22.50;
1110;260;260440;185;185.15.22.60;
1110;260;260440;185;185.15.22.70;
1110;260;260440;185;185.15.22.72;
1110;260;260440;185;185.15.22.73;
1110;260;260440;185;185.15.22.80;
1110;260;260440;185;185.15.22.90;
1110;260;260850;185;185.15.23.0;
1110;260;260850;185;185.15.23.10;
1110;260;260850;185;185.15.23.20;
1110;260;260850;185;185.15.23.30;
1110;260;260850;185;185.15.23.40;
1110;260;260880;185;185.15.24.0;
1110;260;260888;185;185.15.25.0;
1110;260;260886;185;185.15.26.0;
1110;260;260884;185;185.15.27.0;
1110;260;260450;185;185.15.29.0;
1110;260;260450;185;185.15.29.10;
1110;260;260450;185;185.15.29.16;
1110;260;260450;185;185.15.29.30;
1110;260;260450;185;185.15.29.40;
1110;260;260450;185;185.15.29.50;
1110;260;260450;185;185.15.29.51;
1110;260;260450;185;185.15.29.60;
1110;260;260450;185;185.15.29.70;
1110;260;260450;185;185.15.29.72;
1110;260;260450;185;185.15.29.81;
1110;260;260480;185;185.15.3.0;
1110;260;260480;185;185.15.3.40;
1110;260;260270;185;185.15.30.0;
1110;260;260270;185;185.15.30.20;
1110;260;260270;185;185.15.30.30;
1110;260;260910;185;185.15.31.0;
1110;260;260910;185;185.15.31.10;
1110;260;260000;185;185.15.32.0;
1110;260;260000;185;185.15.32.10;
1110;260;260000;185;185.15.32.20;
1110;260;260000;185;185.15.32.30;
1110;260;260250;185;185.15.4.0;
1110;260;260250;185;185.15.4.10;
1110;260;260250;185;185.15.4.20;
1110;260;260250;185;185.15.4.3;
1110;260;260250;185;185.15.4.30;
1110;260;260250;185;185.15.4.40;
1110;260;260250;185;185.15.4.5;
1110;260;260250;185;185.15.4.50;
1110;260;260250;185;185.15.4.6;
1110;260;260250;185;185.15.4.60;
1110;260;260250;185;185.15.4.70;
1110;260;260250;185;185.15.4.80;
1110;260;260250;185;185.15.4.90;
1110;260;260250;185;185.15.4.95;
1110;260;260250;185;185.15.4.97;
1110;260;260250;185;185.15.4.98;
1110;260;260250;185;185.15.4.99;
1110;260;260220;185;185.15.5.0;
1110;260;260220;185;185.15.5.20;
1110;260;260220;185;185.15.5.25;
1110;260;260220;185;185.15.5.31;
1110;260;260220;185;185.15.5.32;
1110;260;260220;185;185.15.5.33;
1110;260;260220;185;185.15.5.34;
1110;260;260220;185;185.15.5.35;
1110;260;260220;185;185.15.5.37;
1110;260;260220;185;185.15.5.38;
1110;260;260220;185;185.15.5.40;
1110;260;260220;185;185.15.5.41;
1110;260;260220;185;185.15.5.42;
1110;260;260220;185;185.15.5.43;
1110;260;260220;185;185.15.5.44;
1110;260;260220;185;185.15.5.45;
1110;260;260220;185;185.15.5.46;
1110;260;260220;185;185.15.5.47;
1110;260;260220;185;185.15.5.48;
1110;260;260220;185;185.15.5.51;
1110;260;260220;185;185.15.5.52;
1110;260;260220;185;185.15.5.53;
1110;260;260220;185;185.15.5.60;
1110;260;260220;185;185.15.5.61;
1110;260;260220;185;185.15.5.62;
1110;260;260220;185;185.15.5.70;
1110;260;260220;185;185.15.5.71;
1110;260;260220;185;185.15.5.75;
1110;260;260220;185;185.15.5.80;
1110;260;260220;185;185.15.5.90;
1110;260;260220;185;185.15.5.91;
1110;260;260220;185;185.15.5.95;
1110;240;240000;185;185.16.0.0;
1110;240;240100;185;185.16.0.2;
1110;240;240000;185;185.16.0.3;
1110;240;240520;185;185.16.15.0;
1110;240;240540;185;185.16.17.0;
1110;240;240540;185;185.16.17.10;
1110;240;240540;185;185.16.17.20;
1110;240;240540;185;185.16.17.30;
1110;240;240540;185;185.16.17.40;
1110;240;240540;185;185.16.17.50;
1110;240;240540;185;185.16.17.51;
1110;240;240540;185;185.16.17.52;
1110;240;240540;185;185.16.17.53;
1110;240;240540;185;185.16.17.54;
1110;240;240540;185;185.16.17.55;
1110;240;240540;185;185.16.17.56;
1110;240;240540;185;185.16.17.57;
1110;240;240540;185;185.16.17.58;
1110;240;240540;185;185.16.17.59;
1110;240;240540;185;185.16.17.6;
1110;240;240540;185;185.16.17.60;
1110;240;240540;185;185.16.17.61;
1110;240;240540;185;185.16.17.62;
1110;240;240540;185;185.16.17.63;
1110;240;240540;185;185.16.17.7;
1110;210;210000;185;185.17.0.0;
1110;210;210100;185;185.17.0.10;
1110;210;210940;185;185.17.1.0;
1110;210;210910;185;185.17.4.0;
1110;210;210690;185;185.17.5.0;
1110;210;210690;185;185.17.5.95;
1110;210;210620;185;185.17.6.0;
1110;210;210620;185;185.17.6.10;
1110;210;210830;185;185.17.7.0;
1110;210;210830;185;185.17.7.10;
1110;210;210830;185;185.17.7.20;
1110;210;210830;185;185.17.7.30;
1110;210;210810;185;185.17.8.0;
1110;210;210810;185;185.17.8.10;
1110;210;210880;185;185.17.9.0;
1110;340;340000;185;185.18.0.0;
1110;340;340100;185;185.18.0.2;
1110;340;340100;185;185.18.0.20;
1110;340;340100;185;185.18.0.30;
1110;340;340930;185;185.18.1.0;
1110;340;340320;185;185.18.2.0;
1110;340;340935;185;185.18.3.0;
1110;340;340940;185;185.18.4.0;
1110;340;340940;185;185.18.4.20;
1110;340;340950;185;185.18.7.0;
1110;340;340960;185;185.18.9.0;
1110;350;350000;185;185.27.0.0;
1110;350;350000;185;185.27.10.0;
1110;350;350000;185;185.27.20.0;
1110;350;350230;185;185.27.30.0;
1110;350;350240;185;185.27.40.0;
1110;350;350000;185;185.27.50.0;
1110;350;350350;185;185.27.60.0;
1110;350;350320;185;185.27.81.10;
1110;350;350320;185;185.27.81.20;
1110;350;350330;185;185.27.82.0;
1110;350;350330;185;185.27.82.10;
1110;350;350340;185;185.27.83.0;
1110;350;350340;185;185.27.83.10;
1110;350;350340;185;185.27.83.20;
1110;350;350340;185;185.27.83.30;
1110;350;350350;185;185.27.84.0;
1110;350;350360;185;185.27.85.0;
1110;350;350360;185;185.27.85.11;
1110;350;350360;185;185.27.85.13;
1110;350;350360;185;185.27.85.20;
1110;350;350360;185;185.27.85.30;
1110;360;360000;185;185.28.0.0;
1110;360;360110;185;185.28.0.10;
1110;360;360210;185;185.28.1.0;
1110;360;360220;185;185.28.2.0;
1110;360;360230;185;185.28.3.0;
1110;360;360230;185;185.28.3.2;
1110;360;360240;185;185.28.4.0;
1110;360;360310;185;185.28.5.0;
1110;360;360290;185;185.28.6.0;
1110;360;360330;185;185.28.8.0;
1110;360;360330;185;185.28.8.1;
1110;360;360330;185;185.28.8.2;
1110;360;360330;185;185.28.8.3;
1110;360;360330;185;185.28.8.4;
1110;360;360330;185;185.28.8.5;
1110;360;360330;185;185.28.8.6;
1110;360;360330;185;185.28.8.7;
1110;360;360330;185;185.28.8.8;
1110;360;360320;185;185.28.9.0;
1110;110;110000;185;185.29.0.0;
1110;110;110312;185;185.29.1.0;
1110;110;110312;185;185.29.1.4;
1110;110;110920;185;185.29.12.0;
1110;110;110360;185;185.29.16.0;
1110;110;110370;185;185.29.17.0;
1110;110;110650;185;185.29.20.0;
1110;110;110965;185;185.29.21.0;
1110;110;110970;185;185.29.22.0;
1110;110;110650;185;185.29.23.0;
1110;110;110910;185;185.29.3.0;
1110;110;110960;185;185.29.5.0;
1110;110;110610;185;185.29.7.0;
1110;250;250850;185;185.29.8.0;
1110;120;120000;185;185.31.0.0;
1110;120;120100;185;185.31.1.0;
1110;120;120220;185;185.31.2.0;
1110;120;120220;185;185.31.2.10;
1110;120;120220;185;185.31.2.40;
1110;120;120220;185;185.31.2.50;
1110;120;120310;185;185.31.3.60;
1110;120;120230;185;185.31.4.10;
1110;120;120260;185;185.31.5.0;
1110;120;120210;185;185.31.7.0;
1110;120;120210;185;185.31.7.10;
1110;120;120210;185;185.31.7.30;
1110;120;120210;185;185.31.7.50;
1110;120;120240;185;185.31.8.0;
1110;125;125110;185;185.32.0.0;
1110;125;125110;185;185.32.10.0;
1110;125;125110;185;185.32.20.10;
1110;125;125110;185;185.32.20.11;
1110;125;125110;185;185.32.20.15;
1110;125;125110;185;185.32.40.0;
1110;120;120330;185;185.33.0.0;
1110;120;120330;185;185.33.15.10;
1110;120;120330;185;185.33.15.30;
1110;120;120330;185;185.33.15.40;
1110;120;120330;185;185.33.15.50;
1110;120;120330;185;185.33.25.0;
1110;120;120330;185;185.33.25.20;
1110;120;120330;185;185.33.25.40;
1110;120;120330;185;185.33.35.0;
1110;120;120330;185;185.33.40.10;
1110;120;120330;185;185.33.40.20;
1110;120;120330;185;185.33.40.30;
1110;120;120330;185;185.33.50.10;
1110;120;120330;185;185.33.50.20;
1110;120;120330;185;185.33.70.0;
1110;120;120330;185;185.33.80.0;
1110;120;120330;185;185.33.80.10;
1110;120;120330;185;185.33.80.20;
1110;310;310000;185;185.34.0.0;
1110;310;310100;185;185.34.1.0;
1110;310;310100;185;185.34.1.10;
1110;310;310100;185;185.34.1.20;
1110;310;310100;185;185.34.1.30;
1110;310;310220;185;185.34.12.0;
1110;310;310220;185;185.34.12.21;
1110;310;310220;185;185.34.12.40;
1110;310;310230;185;185.34.13.0;
1110;310;310250;185;185.34.15.0;
1110;310;310250;185;185.34.15.15;
1110;310;310250;185;185.34.15.30;
1110;310;310250;185;185.34.15.45;
1110;310;310250;185;185.34.15.55;
1110;310;310540;185;185.34.20.0;
1110;125;125120;185;185.35.0.0;
1110;125;125120;185;185.35.23.10;
1110;125;125120;185;185.35.23.20;
1110;125;125120;185;185.35.23.30;
1110;125;125120;185;185.35.24.20;
1110;125;125120;185;185.35.24.30;
1110;125;125120;185;185.35.30.0;
1110;125;125120;185;185.35.30.10;
1110;125;125120;185;185.35.30.20;
1110;125;125120;185;185.35.30.30;
1110;125;125000;185;185.36.0.0;
1110;125;125000;185;185.36.13.0;
1110;125;125000;185;185.36.14.0;
1110;125;125000;185;185.36.40.20;
1110;125;125000;185;185.36.5.0;
1110;125;125000;185;185.36.60.10;
1110;125;125000;185;185.36.70.0;
1110;390;390300;185;185.39.1.0;
1110;110;110380;185;185.39.11.0;
1110;125;125000;185;185.39.58.0;
1110;390;390700;185;185.39.7.0;
1110;250;250000;185;185.50.0.0;
1110;250;250100;185;185.50.1.0;
1110;250;250100;185;185.50.1.10;
1110;250;250100;185;185.50.1.14;
1110;250;250100;185;185.50.9.0;
1110;250;250280;185;185.51.0.0;
1110;250;250280;185;185.51.1.0;
1110;250;250280;185;185.51.1.1;
1110;250;250280;185;185.51.1.2;
1110;250;250280;185;185.51.1.3;
1110;250;250280;185;185.51.1.4;
1110;250;250280;185;185.51.1.5;
1110;250;250280;185;185.51.10.0;
1110;250;250280;185;185.51.10.10;
1110;250;250280;185;185.51.10.11;
1110;250;250280;185;185.51.10.12;
1110;250;250280;185;185.51.10.13;
1110;250;250280;185;185.51.10.14;
1110;250;250280;185;185.51.10.15;
1110;250;250280;185;185.51.10.16;
1110;250;250280;185;185.51.11.0;
1110;250;250280;185;185.51.11.10;
1110;250;250280;185;185.51.11.11;
1110;250;250280;185;185.51.11.12;
1110;250;250280;185;185.51.11.13;
1110;250;250280;185;185.51.11.14;
1110;250;250280;185;185.51.12.0;
1110;250;250280;185;185.51.12.10;
1110;250;250280;185;185.51.12.11;
1110;250;250280;185;185.51.12.12;
1110;250;250280;185;185.51.12.13;
1110;250;250280;185;185.51.12.14;
1110;250;250280;185;185.51.12.15;
1110;250;250280;185;185.51.12.16;
1110;250;250280;185;185.51.12.17;
1110;250;250280;185;185.51.12.18;
1110;250;250280;185;185.51.12.30;
1110;250;250280;185;185.51.12.32;
1110;250;250280;185;185.51.12.33;
1110;250;250280;185;185.51.12.34;
1110;250;250280;185;185.51.12.35;
1110;250;250280;185;185.51.12.36;
1110;250;250280;185;185.51.12.37;
1110;250;250280;185;185.51.12.38;
1110;250;250280;185;185.51.12.39;
1110;250;250280;185;185.51.12.40;
1110;250;250280;185;185.51.12.50;
1110;250;250280;185;185.51.12.51;
1110;250;250280;185;185.51.12.53;
1110;250;250280;185;185.51.12.54;
1110;250;250280;185;185.51.12.55;
1110;250;250280;185;185.51.12.56;
1110;250;250280;185;185.51.12.57;
1110;250;250280;185;185.51.12.58;
1110;250;250280;185;185.51.12.59;
1110;250;250280;185;185.51.12.60;
1110;250;250280;185;185.51.13.0;
1110;250;250280;185;185.51.13.10;
1110;250;250280;185;185.51.13.11;
1110;250;250280;185;185.51.13.12;
1110;250;250280;185;185.51.13.13;
1110;250;250280;185;185.51.13.14;
1110;250;250280;185;185.51.13.15;
1110;250;250280;185;185.51.13.20;
1110;250;250280;185;185.51.13.21;
1110;250;250280;185;185.51.13.22;
1110;250;250280;185;185.51.13.24;
1110;250;250280;185;185.51.13.30;
1110;250;250280;185;185.51.13.31;
1110;250;250280;185;185.51.13.32;
1110;250;250280;185;185.51.13.33;
1110;250;250280;185;185.51.13.40;
1110;250;250280;185;185.51.13.41;
1110;250;250280;185;185.51.13.42;
1110;250;250280;185;185.51.13.43;
1110;250;250280;185;185.51.13.44;
1110;250;250280;185;185.51.13.45;
1110;250;250280;185;185.51.13.46;
1110;250;250280;185;185.51.14.0;
1110;250;250280;185;185.51.14.10;
1110;250;250280;185;185.51.15.0;
1110;250;250280;185;185.51.15.10;
1110;250;250280;185;185.51.16.0;
1110;250;250280;185;185.51.20.10;
1110;250;250280;185;185.51.20.20;
1110;250;250830;185;185.52.0.0;
1110;250;250830;185;185.52.0.10;
1110;250;250830;185;185.52.0.11;
1110;250;250830;185;185.52.1.0;
1110;250;250830;185;185.52.1.1;
1110;250;250830;185;185.52.1.2;
1110;250;250830;185;185.52.1.3;
1110;250;250830;185;185.52.10.0;
1110;250;250830;185;185.52.11.0;
1110;250;250830;185;185.52.12.0;
1110;250;250830;185;185.52.13.0;
1110;250;250830;185;185.52.14.0;
1110;250;250830;185;185.52.15.0;
1110;250;250830;185;185.52.15.10;
1110;250;250830;185;185.52.15.11;
1110;250;250830;185;185.52.15.12;
1110;250;250840;185;185.53.0.0;
1110;250;250840;185;185.53.1.0;
1110;250;250840;185;185.53.1.1;
1110;250;250840;185;185.53.1.10;
1110;250;250840;185;185.53.1.2;
1110;250;250840;185;185.53.1.20;
1110;250;250840;185;185.53.1.3;
1110;250;250840;185;185.53.1.4;
1110;250;250840;185;185.53.10.0;
1110;250;250840;185;185.53.10.10;
1110;250;250840;185;185.53.10.11;
1110;250;250840;185;185.53.10.12;
1110;250;250840;185;185.53.10.13;
1110;250;250840;185;185.53.10.14;
1110;250;250840;185;185.53.10.70;
1110;250;250840;185;185.53.10.71;
1110;250;250840;185;185.53.11.0;
1110;250;250840;185;185.53.11.10;
1110;250;250840;185;185.53.11.11;
1110;250;250840;185;185.53.11.12;
1110;250;250840;185;185.53.11.13;
1110;250;250840;185;185.53.11.14;
1110;250;250840;185;185.53.11.15;
1110;250;250840;185;185.53.11.16;
1110;250;250840;185;185.53.11.17;
1110;250;250840;185;185.53.11.18;
1110;250;250840;185;185.53.11.19;
1110;250;250840;185;185.53.11.20;
1110;250;250840;185;185.53.11.21;
1110;250;250840;185;185.53.12.0;
1110;250;250840;185;185.53.12.10;
1110;250;250840;185;185.53.12.11;
1110;250;250840;185;185.53.12.12;
1110;250;250840;185;185.53.12.13;
1110;250;250840;185;185.53.12.14;
1110;250;250840;185;185.53.12.15;
1110;250;250840;185;185.53.12.16;
1110;250;250840;185;185.53.12.17;
1110;250;250840;185;185.53.13.0;
1110;250;250840;185;185.53.13.10;
1110;250;250840;185;185.53.13.11;
1110;250;250840;185;185.53.13.12;
1110;250;250840;185;185.53.14.0;
1110;250;250840;185;185.53.14.10;
1110;250;250840;185;185.53.14.11;
1110;250;250840;185;185.53.14.12;
1110;250;250840;185;185.53.14.13;
1110;250;250840;185;185.53.14.14;
1110;250;250840;185;185.53.14.15;
1110;250;250840;185;185.53.15.0;
1110;250;250840;185;185.53.15.10;
1110;250;250840;185;185.53.15.11;
1110;250;250840;185;185.53.15.12;
1110;250;250840;185;185.53.15.13;
1110;250;250840;185;185.53.15.14;
1110;250;250840;185;185.53.15.15;
1110;250;250840;185;185.53.15.70;
1110;250;250840;185;185.53.16.0;
1110;250;250840;185;185.53.16.10;
1110;250;250840;185;185.53.16.11;
1110;250;250840;185;185.53.16.12;
1110;250;250840;185;185.53.16.13;
1110;250;250840;185;185.53.16.14;
1110;250;250840;185;185.53.17.0;
1110;250;250840;185;185.53.17.10;
1110;250;250840;185;185.53.18.0;
1110;250;250840;185;185.53.18.10;
1110;250;250840;185;185.53.18.11;
1110;250;250840;185;185.53.18.12;
1110;250;250840;185;185.53.18.13;
1110;250;250840;185;185.53.18.14;
1110;250;250840;185;185.53.18.15;
1110;250;250840;185;185.53.18.16;
1110;250;250840;185;185.53.18.17;
1110;250;250840;185;185.53.18.18;
1110;250;250840;185;185.53.18.70;
1110;250;250840;185;185.53.18.71;
1110;250;250840;185;185.53.18.72;
1110;250;250840;185;185.53.18.73;
1110;250;250840;185;185.53.18.75;
1110;250;250840;185;185.53.19.0;
1110;250;250840;185;185.53.19.10;
1110;250;250840;185;185.53.19.11;
1110;250;250840;185;185.53.19.12;
1110;250;250840;185;185.53.19.13;
1110;250;250840;185;185.53.19.14;
1110;250;250840;185;185.53.19.15;
1110;250;250840;185;185.53.19.16;
1110;250;250840;185;185.53.19.17;
1110;250;250840;185;185.53.19.18;
1110;250;250840;185;185.53.2.10;
1110;250;250840;185;185.53.2.11;
1110;250;250840;185;185.53.2.12;
1110;250;250840;185;185.53.2.15;
1110;250;250840;185;185.53.2.20;
1110;250;250840;185;185.53.2.21;
1110;250;250840;185;185.53.2.22;
1110;250;250840;185;185.53.2.23;
1110;250;250840;185;185.53.2.24;
1110;250;250840;185;185.53.2.25;
1110;250;250840;185;185.53.2.26;
1110;250;250840;185;185.53.20.0;
1110;250;250840;185;185.53.3.0;
1110;250;250840;185;185.53.30.0;
1110;250;250840;185;185.53.30.10;
1110;250;250840;185;185.53.31.0;
1110;250;250840;185;185.53.32.0;
1110;250;250840;185;185.53.4.10;
1110;250;250840;185;185.53.42.0;
1110;250;250840;185;185.53.42.10;
1110;250;250840;185;185.53.42.11;
1110;250;250840;185;185.53.42.12;
1110;250;250840;185;185.53.42.13;
1110;250;250840;185;185.53.42.14;
1110;250;250840;185;185.53.42.15;
1110;250;250840;185;185.53.43.0;
1110;250;250840;185;185.53.43.10;
1110;250;250840;185;185.53.43.11;
1110;250;250840;185;185.53.43.12;
1110;250;250840;185;185.53.44.0;
1110;250;250840;185;185.53.44.10;
1110;250;250840;185;185.53.44.11;
1110;250;250840;185;185.53.45.0;
1110;250;250840;185;185.53.45.10;
1110;250;250840;185;185.53.45.11;
1110;250;250840;185;185.53.46.0;
1110;250;250840;185;185.53.46.10;
1110;250;250840;185;185.53.46.11;
1110;250;250840;185;185.53.48.0;
1110;250;250840;185;185.53.48.10;
1110;250;250840;185;185.53.48.11;
1110;250;250840;185;185.53.48.12;
1110;250;250840;185;185.53.48.13;
1110;250;250840;185;185.53.48.14;
1110;250;250840;185;185.53.48.15;
1110;250;250840;185;185.53.49.0;
1110;250;250840;185;185.53.49.10;
1110;250;250840;185;185.53.49.11;
1110;250;250840;185;185.53.49.12;
1110;250;250840;185;185.53.49.13;
1110;250;250840;185;185.53.49.14;
1110;250;250840;185;185.53.49.70;
1110;250;250840;185;185.53.60.0;
1110;250;250840;185;185.53.60.10;
1110;250;250840;185;185.53.60.11;
1110;250;250840;185;185.53.60.12;
1110;250;250840;185;185.53.60.13;
1110;250;250840;185;185.53.61.0;
1110;250;250840;185;185.53.61.10;
1110;250;250840;185;185.53.61.11;
1110;250;250840;185;185.53.63.0;
1110;250;250840;185;185.53.63.10;
1110;250;250840;185;185.53.80.0;
1110;250;250840;185;185.53.82.0;
1110;250;250840;185;185.53.82.10;
1110;250;250840;185;185.53.83.0;
1110;250;250840;185;185.53.84.0;
1110;250;250850;185;185.56.0.0;
1110;250;250850;185;185.56.10.0;
1110;250;250850;185;185.56.12.0;
1110;250;250850;185;185.56.13.0;
1110;250;250850;185;185.56.16.0;
1110;250;250860;185;185.57.0.0;
1110;250;250860;185;185.57.10.0;
1110;250;250860;185;185.57.11.0;
1110;250;250860;185;185.57.12.0;
1110;250;250860;185;185.57.13.0;
1110;250;250860;185;185.57.14.0;
1110;250;250860;185;185.57.15.0;
1110;250;250860;185;185.57.16.0;
1110;250;250860;185;185.57.20.0;
1110;250;250860;185;185.57.51.0;
1110;250;250860;185;185.57.52.0;
1110;250;250860;185;185.57.53.0;
1110;250;250860;185;185.57.54.0;
1110;250;250860;185;185.57.55.0;
1110;;;185;185.90.0.0;top_level
1130;;;186;186.0.0.0;top_level
1130;;;186;186.0.0.1;
1130;124;124000;186;186.10.0.0;
1130;124;124000;186;186.10.10.0;
1130;126;126000;186;186.26.0.0;
1130;126;126000;186;186.26.0.5;
1130;126;126110;186;186.26.1.0;
1130;126;126120;186;186.26.11.0;
1130;126;126220;186;186.26.21.0;
1130;126;126220;186;186.26.22.0;
1130;126;126220;186;186.26.22.11;
1130;126;126220;186;186.26.22.21;
1130;126;126220;186;186.26.22.22;
1130;126;126220;186;186.26.22.23;
1130;126;126220;186;186.26.22.24;
1130;126;126220;186;186.26.22.25;
1130;126;126220;186;186.26.22.26;
1130;126;126220;186;186.26.22.27;
1130;126;126220;186;186.26.22.28;
1130;126;126230;186;186.26.23.0;
1130;126;126230;186;186.26.23.11;
1130;126;126230;186;186.26.23.21;
1130;126;126230;186;186.26.23.22;
1130;126;126230;186;186.26.23.24;
1130;126;126230;186;186.26.23.25;
1130;126;126240;186;186.26.24.0;
1130;126;126240;186;186.26.24.11;
1130;126;126240;186;186.26.24.21;
1130;126;126240;186;186.26.24.22;
1130;126;126250;186;186.26.25.0;
1130;126;126250;186;186.26.25.11;
1130;126;126250;186;186.26.25.21;
1130;126;126250;186;186.26.25.22;
1130;126;126250;186;186.26.25.23;
1130;126;126250;186;186.26.25.24;
1130;126;126250;186;186.26.25.25;
1130;126;126250;186;186.26.25.26;
1130;126;126250;186;186.26.25.27;
1130;126;126260;186;186.26.26.0;
1130;126;126260;186;186.26.26.11;
1130;126;126260;186;186.26.26.21;
1130;126;126260;186;186.26.26.22;
1130;126;126260;186;186.26.26.23;
1130;126;126260;186;186.26.26.24;
1130;126;126260;186;186.26.26.25;
1130;126;126260;186;186.26.26.26;
1130;126;126260;186;186.26.26.27;
1130;126;126260;186;186.26.26.28;
1130;126;126260;186;186.26.26.29;
1130;126;126260;186;186.26.26.30;
1130;126;126270;186;186.26.27.0;
1130;126;126270;186;186.26.27.11;
1130;126;126270;186;186.26.27.21;
1130;126;126270;186;186.26.27.22;
1130;126;126270;186;186.26.27.23;
1130;126;126270;186;186.26.27.24;
1130;126;126270;186;186.26.27.25;
1130;126;126270;186;186.26.27.26;
1130;126;126280;186;186.26.28.0;
1130;126;126280;186;186.26.28.11;
1130;126;126280;186;186.26.28.21;
1130;126;126280;186;186.26.28.22;
1130;126;126285;186;186.26.29.0;
1130;126;126285;186;186.26.29.11;
1130;126;126105;186;186.26.5.0;
1130;126;126000;186;186.26.5.5;
1130;510;510000;186;186.31.0.0;
1130;510;510110;186;186.31.1.0;
1130;510;510210;186;186.31.11.0;
1130;510;510210;186;186.31.11.1;
1130;510;510210;186;186.31.11.10;
1130;510;510210;186;186.31.11.11;
1130;510;510210;186;186.31.11.12;
1130;510;510210;186;186.31.11.13;
1130;510;510210;186;186.31.11.2;
1130;510;510210;186;186.31.11.20;
1130;510;510210;186;186.31.11.21;
1130;510;510210;186;186.31.11.23;
1130;510;510210;186;186.31.11.3;
1130;510;510210;186;186.31.11.31;
1130;510;510210;186;186.31.11.32;
1130;510;510210;186;186.31.11.33;
1130;510;510210;186;186.31.11.34;
1130;510;510210;186;186.31.11.35;
1130;510;510210;186;186.31.11.36;
1130;510;510210;186;186.31.11.37;
1130;510;510210;186;186.31.11.38;
1130;510;510210;186;186.31.11.39;
1130;510;510210;186;186.31.11.40;
1130;510;510210;186;186.31.11.41;
1130;510;510210;186;186.31.11.42;
1130;510;510210;186;186.31.11.43;
1130;510;510210;186;186.31.11.44;
1130;510;510210;186;186.31.11.45;
1130;510;510210;186;186.31.11.91;
1130;510;510210;186;186.31.11.92;
1130;510;510220;186;186.31.12.0;
1130;510;510220;186;186.31.12.1;
1130;510;510220;186;186.31.12.2;
1130;510;510220;186;186.31.12.21;
1130;510;510220;186;186.31.12.22;
1130;510;510220;186;186.31.12.23;
1130;510;510220;186;186.31.12.24;
1130;510;510220;186;186.31.12.25;
1130;510;510220;186;186.31.12.26;
1130;510;510220;186;186.31.12.27;
1130;510;510220;186;186.31.12.28;
1130;510;510220;186;186.31.12.29;
1130;510;510220;186;186.31.12.91;
1130;510;510220;186;186.31.12.92;
1130;510;510220;186;186.31.12.93;
1130;510;510220;186;186.31.12.94;
1130;510;510220;186;186.31.12.95;
1130;510;510230;186;186.31.13.0;
1130;510;510230;186;186.31.13.1;
1130;510;510230;186;186.31.13.10;
1130;510;510230;186;186.31.13.2;
1130;510;510230;186;186.31.13.21;
1130;510;510230;186;186.31.13.22;
1130;510;510230;186;186.31.13.23;
1130;510;510230;186;186.31.13.24;
1130;510;510230;186;186.31.13.25;
1130;510;510230;186;186.31.13.26;
1130;510;510230;186;186.31.13.27;
1130;510;510230;186;186.31.13.28;
1130;510;510230;186;186.31.13.29;
1130;510;510230;186;186.31.13.3;
1130;510;510230;186;186.31.13.30;
1130;510;510230;186;186.31.13.31;
1130;510;510230;186;186.31.13.32;
1130;510;510230;186;186.31.13.33;
1130;510;510230;186;186.31.13.34;
1130;510;510230;186;186.31.13.35;
1130;510;510230;186;186.31.13.36;
1130;510;510230;186;186.31.13.37;
1130;510;510230;186;186.31.13.38;
1130;510;510230;186;186.31.13.39;
1130;510;510230;186;186.31.13.40;
1130;510;510230;186;186.31.13.41;
1130;510;510230;186;186.31.13.42;
1130;510;510230;186;186.31.13.43;
1130;510;510230;186;186.31.13.51;
1130;510;510240;186;186.31.14.0;
1130;510;510240;186;186.31.14.1;
1130;510;510240;186;186.31.14.2;
1130;510;510240;186;186.31.14.21;
1130;510;510240;186;186.31.14.22;
1130;510;510240;186;186.31.14.23;
1130;510;510240;186;186.31.14.24;
1130;510;510240;186;186.31.14.25;
1130;510;510240;186;186.31.14.26;
1130;510;510240;186;186.31.14.27;
1130;510;510240;186;186.31.14.28;
1130;510;510250;186;186.31.15.0;
1130;510;510250;186;186.31.15.1;
1130;510;510250;186;186.31.15.10;
1130;510;510250;186;186.31.15.2;
1130;510;510250;186;186.31.15.20;
1130;510;510250;186;186.31.15.21;
1130;510;510250;186;186.31.15.22;
1130;510;510250;186;186.31.15.23;
1130;510;510250;186;186.31.15.24;
1130;510;510250;186;186.31.15.25;
1130;510;510250;186;186.31.15.3;
1130;510;510260;186;186.31.16.0;
1130;510;510260;186;186.31.16.1;
1130;510;510260;186;186.31.16.2;
1130;510;510260;186;186.31.16.22;
1130;510;510260;186;186.31.16.23;
1130;510;510260;186;186.31.16.24;
1130;510;510260;186;186.31.16.25;
1130;510;510260;186;186.31.16.26;
1130;510;510260;186;186.31.16.27;
1130;510;510260;186;186.31.16.28;
1130;510;510260;186;186.31.16.29;
1130;510;510260;186;186.31.16.30;
1130;510;510260;186;186.31.16.31;
1130;510;510260;186;186.31.16.32;
1130;510;510270;186;186.31.17.0;
1130;510;510270;186;186.31.17.1;
1130;510;510270;186;186.31.17.2;
1130;510;510270;186;186.31.17.21;
1130;510;510270;186;186.31.17.22;
1130;510;510270;186;186.31.17.23;
1130;510;510270;186;186.31.17.24;
1130;510;510270;186;186.31.17.25;
1130;510;510270;186;186.31.17.26;
1130;510;510270;186;186.31.17.27;
1130;510;510270;186;186.31.17.28;
1130;510;510270;186;186.31.17.29;
1130;510;510270;186;186.31.17.3;
1130;510;510270;186;186.31.17.30;
1130;510;510270;186;186.31.17.31;
1130;510;510270;186;186.31.17.32;
1130;510;510270;186;186.31.17.33;
1130;510;510270;186;186.31.17.34;
1130;510;510270;186;186.31.17.35;
1130;510;510270;186;186.31.17.36;
1130;510;510270;186;186.31.17.37;
1130;510;510270;186;186.31.17.40;
1130;510;510270;186;186.31.17.41;
1130;510;510270;186;186.31.17.42;
1130;510;510270;186;186.31.17.43;
1130;510;510270;186;186.31.17.44;
1130;510;510270;186;186.31.17.45;
1130;510;510270;186;186.31.17.46;
1130;510;510270;186;186.31.17.47;
1130;510;510270;186;186.31.17.48;
1130;510;510270;186;186.31.17.91;
1130;510;510280;186;186.31.18.0;
1130;510;510290;186;186.31.19.0;
1130;510;510120;186;186.31.2.0;
1130;510;510120;186;186.31.2.11;
1130;510;510120;186;186.31.2.12;
1130;510;510120;186;186.31.2.13;
1130;510;510120;186;186.31.2.14;
1130;510;510120;186;186.31.2.15;
1130;510;510120;186;186.31.2.16;
1130;510;510120;186;186.31.2.17;
1130;510;510120;186;186.31.2.81;
1130;510;510910;186;186.31.91.0;
1130;510;510910;186;186.31.91.1;
1130;510;510910;186;186.31.91.21;
1130;510;510910;186;186.31.91.22;
1130;510;510910;186;186.31.91.31;
1130;510;510910;186;186.31.91.32;
1130;520;520000;186;186.32.0.0;
1130;520;520110;186;186.32.1.0;
1130;520;520110;186;186.32.1.30;
1130;520;520110;186;186.32.1.40;
1130;520;520110;186;186.32.1.90;
1130;520;520210;186;186.32.12.0;
1130;520;520220;186;186.32.13.0;
1130;520;520220;186;186.32.13.90;
1130;520;520230;186;186.32.14.0;
1130;520;520240;186;186.32.15.0;
1130;520;520250;186;186.32.16.0;
1130;520;520260;186;186.32.17.0;
1130;520;520260;186;186.32.17.20;
1130;520;520120;186;186.32.2.0;
1130;520;520120;186;186.32.2.11;
1130;520;520120;186;186.32.2.12;
1130;520;520120;186;186.32.2.13;
1130;520;520120;186;186.32.2.14;
1130;530;530000;186;186.33.0.0;
1130;530;530110;186;186.33.1.0;
1130;530;530210;186;186.33.11.0;
1130;530;530220;186;186.33.12.0;
1130;530;530230;186;186.33.13.0;
1130;530;530240;186;186.33.14.0;
1130;530;530240;186;186.33.14.11;
1130;530;530250;186;186.33.15.0;
1130;530;530260;186;186.33.16.0;
1130;530;530270;186;186.33.17.0;
1130;530;530270;186;186.33.17.10;
1130;530;530280;186;186.33.18.0;
1130;530;530290;186;186.33.19.0;
1130;530;530290;186;186.33.19.21;
1130;530;530120;186;186.33.2.0;
1130;530;530120;186;186.33.2.1;
1130;530;530120;186;186.33.2.11;
1130;530;530120;186;186.33.2.12;
1130;530;530120;186;186.33.2.13;
1130;530;530120;186;186.33.2.14;
1130;530;530120;186;186.33.2.15;
1130;530;530291;186;186.33.20.0;
1130;530;530320;186;186.33.82.0;
1130;530;530330;186;186.33.85.0;
1130;530;530340;186;186.33.86.0;
1130;530;530350;186;186.33.87.0;
1130;540;540000;186;186.34.0.0;
1130;540;540110;186;186.34.1.0;
1130;540;540210;186;186.34.11.0;
1130;540;540220;186;186.34.12.0;
1130;540;540230;186;186.34.13.0;
1130;540;540230;186;186.34.13.20;
1130;540;540230;186;186.34.13.21;
1130;540;540230;186;186.34.13.22;
1130;540;540230;186;186.34.13.23;
1130;540;540230;186;186.34.13.24;
1130;540;540230;186;186.34.13.91;
1130;540;540120;186;186.34.2.0;
1130;540;540120;186;186.34.2.12;
1130;540;540120;186;186.34.2.13;
1130;540;540120;186;186.34.2.14;
1130;540;540120;186;186.34.2.15;
1130;540;540120;186;186.34.2.16;
1130;540;540120;186;186.34.2.17;
1130;540;540120;186;186.34.2.18;
1130;540;540120;186;186.34.3.0;
1130;540;540120;186;186.34.3.20;
1130;550;550000;186;186.35.0.0;
1130;550;550110;186;186.35.1.0;
1130;550;550210;186;186.35.11.0;
1130;550;550220;186;186.35.12.0;
1130;560;560000;186;186.36.0.0;
1130;560;560000;186;186.36.1.0;
1130;560;560000;186;186.36.10.0;
1130;560;560000;186;186.36.11.0;
1130;560;560000;186;186.36.2.0;
1130;560;560000;186;186.36.2.1;
1130;560;560000;186;186.36.2.2;
1130;560;560000;186;186.36.3.0;
1130;560;560000;186;186.36.3.90;
1130;560;560000;186;186.36.3.91;
1130;570;570000;186;186.37.0.0;
1130;570;570110;186;186.37.1.0;
1130;570;570210;186;186.37.11.0;
1130;570;570210;186;186.37.11.21;
1130;570;570220;186;186.37.12.0;
1130;570;570230;186;186.37.13.0;
1130;570;570120;186;186.37.2.0;
1130;570;570120;186;186.37.2.11;
1130;570;570120;186;186.37.2.12;
1130;570;570120;186;186.37.2.13;
1130;570;570120;186;186.37.2.14;
1130;580;580000;186;186.38.0.0;
1130;580;580110;186;186.38.1.0;
1130;580;580210;186;186.38.11.0;
1130;580;580220;186;186.38.12.0;
1130;580;580230;186;186.38.13.0;
1130;580;580240;186;186.38.14.0;
1130;580;580250;186;186.38.15.0;
1130;580;580120;186;186.38.2.0;
1130;580;580120;186;186.38.2.1;
1130;580;580120;186;186.38.2.11;
1130;580;580120;186;186.38.2.12;
1130;580;580120;186;186.38.2.13;
1130;610;610000;186;186.41.0.0;
1130;610;610110;186;186.41.1.0;
1130;610;610210;186;186.41.11.0;
1130;610;610210;186;186.41.11.1;
1130;610;610210;186;186.41.11.2;
1130;610;610220;186;186.41.12.0;
1130;610;610220;186;186.41.12.2;
1130;610;610230;186;186.41.13.0;
1130;610;610240;186;186.41.14.0;
1130;610;610250;186;186.41.15.0;
1130;610;610250;186;186.41.15.5;
1130;610;610250;186;186.41.15.6;
1130;610;610120;186;186.41.2.0;
1130;610;610120;186;186.41.2.11;
1130;640;640000;186;186.44.0.0;
1130;650;650000;186;186.45.0.0;
1130;650;650110;186;186.45.1.0;
1130;650;650230;186;186.45.11.0;
1130;650;650220;186;186.45.12.0;
1130;650;650220;186;186.45.12.24;
1130;650;650260;186;186.45.14.0;
1130;650;650260;186;186.45.14.11;
1130;650;650260;186;186.45.14.21;
1130;650;650260;186;186.45.14.22;
1130;650;650260;186;186.45.14.23;
1130;650;650260;186;186.45.14.24;
1130;650;650260;186;186.45.14.25;
1130;650;650260;186;186.45.14.26;
1130;650;650260;186;186.45.14.27;
1130;650;650260;186;186.45.14.28;
1130;650;650260;186;186.45.14.29;
1130;650;650260;186;186.45.14.30;
1130;650;650260;186;186.45.14.31;
1130;650;650270;186;186.45.15.0;
1130;650;650210;186;186.45.5.0;
1130;650;650250;186;186.45.6.0;
1130;590;590000;186;186.86.0.0;
1130;590;590210;186;186.86.10.0;
1130;420;420000;186;186.92.0.0;
1130;420;420100;186;186.92.10.0;
1130;;;186;186.99.0.0;
1130;;;186;186.99.90.0;
1130;;;186;186.99.90.1;
1130;;;186;186.99.91.0;
1130;;;186;186.99.91.1;
1130;;;186;186.99.91.10;
1130;;;186;186.99.91.20;
1130;;;186;186.99.92.0;
1130;;;186;186.99.92.1;
1130;;;186;186.99.92.10;
1130;;;186;186.99.93.0;
1130;;;186;186.99.93.1;
1130;;;186;186.99.93.10;
1130;;;186;186.99.93.20;
1130;;;186;186.99.93.30;
1130;;;186;186.99.93.40;
1130;;;186;186.99.94.0;
1130;;;186;186.99.94.1;
1130;;;186;186.99.94.10;
1130;;;186;186.99.95.0;
1130;;;186;186.99.95.1;
1130;;;186;186.99.96.0;
1130;;;186;186.99.96.1;
1130;;;186;186.99.96.10;
1130;;;186;186.99.96.20;
1130;;;186;186.99.97.0;
1130;;;186;186.99.97.10;
1130;;;186;186.99.97.20;
1130;;;186;186.99.97.30;
1130;;;186;186.99.97.40;
1130;;;186;186.99.97.50;
1130;;;186;186.99.99.0;
1130;;;186;186.99.99.97;
1130;;;186;186.99.99.98;
1220;;;189;189.0.0.0;top_level
1220;180;180000;189;189.1.0.0;
1220;120;120000;189;189.10.0.0;
1220;150;150000;189;189.2.0.0;
1220;160;160000;189;189.3.0.0;
8221;;;190;190.0.0.0;top_level
8221;;;190;190.1.0.0;
8221;;;190;190.2.0.0;
1240;;;191;191.0.0.0;top_level
1240;160;160000;191;191.10.0.0;
1240;145;145000;191;191.15.0.0;
1240;180;180000;191;191.20.0.0;
1240;140;140000;191;191.30.0.0;
1240;170;170000;191;191.40.0.0;
1240;150;150000;191;191.50.0.0;
1240;120;120000;191;191.60.0.0;
1173;;;192;192.0.0.0;top_level
1173;450;450000;192;192.10.0.0;
1173;450;450210;192;192.10.1.0;
1173;450;450220;192;192.10.2.0;
1173;470;470000;192;192.11.0.0;
1173;440;440000;192;192.12.0.0;
1173;420;420100;192;192.13.0.0;
1173;420;420250;192;192.13.1.0;
1173;420;420230;192;192.13.2.0;
1173;420;420240;192;192.13.3.0;
1173;420;420220;192;192.13.4.0;
1173;420;420210;192;192.13.5.0;
1173;430;430240;192;192.14.0.0;
1173;460;460100;192;192.15.0.0;
1173;460;460250;192;192.15.1.0;
1173;460;460220;192;192.15.2.0;
1173;460;460240;192;192.15.3.0;
1173;460;460260;192;192.15.4.0;
1173;460;460230;192;192.15.5.0;
1173;460;460210;192;192.15.6.0;
1173;460;460110;192;192.15.7.0;
1173;460;460270;192;192.15.8.0;
1173;410;410100;192;192.16.0.0;
1173;410;410230;192;192.16.1.0;
1173;410;410210;192;192.16.2.0;
1173;410;410220;192;192.16.3.0;
1173;410;410240;192;192.16.4.0;
1173;134;134500;192;192.50.0.0;
9910;;;1938;1938.0.0.0;top_level
9910;;DIREKTOR;1938;1938.19.0.0;
1150;;;194;194.0.0.0;top_level
1150;120;120100;194;194.12.0.0;
1150;120;120010;194;194.12.1.0;
1150;120;120010;194;194.12.1.1;
1150;120;120010;194;194.12.1.2;
1150;120;120010;194;194.13.0.0;
1150;120;120010;194;194.13.1.0;
1150;310;310000;194;194.13.10.0;
1150;310;310000;194;194.13.10.1;
1150;310;310000;194;194.13.10.10;
1150;310;310000;194;194.13.10.4;
1150;310;310000;194;194.13.10.5;
1150;310;310000;194;194.13.10.6;
1150;310;310000;194;194.13.10.7;
1150;310;310000;194;194.13.10.8;
1150;310;310000;194;194.13.10.9;
1150;120;120010;194;194.14.0.0;
1150;120;120205;194;194.14.1.0;
1150;120;120390;194;194.14.40.0;
1150;120;120390;194;194.14.41.0;
1150;120;120390;194;194.14.42.0;
1150;120;120350;194;194.14.50.0;
1150;120;120350;194;194.14.51.0;
1150;120;120350;194;194.14.52.0;
1150;120;120340;194;194.14.61.0;
1150;120;120340;194;194.14.62.0;
1150;120;120230;194;194.15.0.0;
1150;120;120230;194;194.15.11.0;
1150;120;120230;194;194.15.12.0;
1150;120;120230;194;194.15.13.20;
1150;120;120230;194;194.15.14.20;
1150;120;120230;194;194.15.15.20;
1150;120;120230;194;194.15.19.0;
1150;120;120450;194;194.15.30.0;
1150;120;120440;194;194.15.31.0;
1150;120;120440;194;194.15.32.0;
1150;120;120440;194;194.15.36.0;
1150;120;120440;194;194.15.38.0;
1150;120;120440;194;194.15.39.20;
1150;120;120440;194;194.15.39.30;
1150;120;120370;194;194.15.40.0;
1150;120;120360;194;194.15.50.0;
1150;120;120280;194;194.16.0.0;
1150;120;120020;194;194.16.1.0;
1150;120;120010;194;194.16.1.15;
1150;120;120410;194;194.16.30.0;
1150;120;120400;194;194.16.5.0;
1150;120;120420;194;194.16.50.0;
1150;120;120230;194;194.16.50.10;
1150;120;120420;194;194.16.53.0;
1150;120;120100;194;194.16.54.0;
1150;120;120420;194;194.16.55.0;
1150;120;120420;194;194.16.56.0;
1150;120;120420;194;194.16.57.0;
1150;120;120450;194;194.16.60.10;
1150;120;120450;194;194.16.60.15;
1150;120;120450;194;194.16.60.20;
1150;120;120450;194;194.16.60.30;
1150;120;120450;194;194.16.60.35;
1150;120;120290;194;194.16.70.0;
1150;120;120290;194;194.16.71.0;
1150;120;120290;194;194.16.74.0;
1150;120;120290;194;194.16.75.0;
1150;120;120290;194;194.16.76.0;
1150;120;120290;194;194.16.77.0;
1150;120;120290;194;194.16.78.0;
1150;120;120290;194;194.16.79.0;
1150;120;120460;194;194.16.80.11;
1150;120;120460;194;194.16.80.12;
1150;120;120460;194;194.16.80.13;
1150;120;120460;194;194.16.80.5;
1150;120;120430;194;194.16.90.0;
1150;120;120430;194;194.16.93.0;
1150;120;120430;194;194.16.94.0;
1150;120;120430;194;194.16.95.0;
1150;120;120430;194;194.16.96.0;
1150;120;120430;194;194.16.97.0;
1150;120;120010;194;194.17.0.0;
1150;120;120010;194;194.17.1.0;
1150;120;120430;194;194.19.41.64;
1150;120;120230;194;194.19.41.65;
1150;120;120460;194;194.19.41.68;
1150;120;120110;194;194.20.11.0;
1150;120;120110;194;194.20.12.0;
1150;120;120120;194;194.20.21.0;
1150;120;120120;194;194.20.22.0;
1150;330;330000;194;194.31.0.0;
1150;330;330100;194;194.31.1.0;
1150;330;330300;194;194.31.10.0;
1150;330;330400;194;194.31.15.0;
1150;330;330500;194;194.31.15.15;
1150;330;330200;194;194.31.5.0;
1150;350;350000;194;194.35.0.0;
1150;230;230000;194;194.60.0.0;
1150;230;230100;194;194.60.1.0;
1150;230;230210;194;194.60.10.0;
1150;230;230220;194;194.60.15.0;
1150;230;230230;194;194.60.20.0;
1150;230;230240;194;194.60.25.0;
1150;274;274000;194;194.61.0.0;
1150;274;274100;194;194.61.1.0;
1150;274;274300;194;194.61.30.0;
1150;274;274310;194;194.61.45.0;
1150;274;274320;194;194.61.50.0;
1150;274;274330;194;194.61.55.0;
1150;220;220000;194;194.62.0.0;
1150;220;220100;194;194.62.1.0;
1150;220;220414;194;194.62.35.0;
1150;220;220418;194;194.62.40.0;
1150;220;220420;194;194.62.45.0;
1150;220;220520;194;194.62.60.0;
1150;220;220530;194;194.62.65.0;
1150;220;220540;194;194.62.70.0;
1150;220;220550;194;194.62.75.0;
1150;220;220560;194;194.62.80.0;
1150;220;220570;194;194.62.85.0;
1150;273;273000;194;194.63.0.0;
1150;273;273100;194;194.63.1.0;
1150;273;273100;194;194.63.1.20;
1150;273;273824;194;194.63.10.0;
1150;273;273823;194;194.63.15.0;
1150;273;273321;194;194.63.20.0;
1150;273;273324;194;194.63.25.0;
1150;273;273326;194;194.63.30.0;
1150;273;273327;194;194.63.35.0;
1150;273;273840;194;194.63.55.0;
1150;271;271000;194;194.64.0.0;
1150;271;271100;194;194.64.1.0;
1150;271;271720;194;194.64.20.0;
1150;271;271520;194;194.64.25.0;
1150;271;271645;194;194.64.45.0;
1150;271;271690;194;194.64.80.0;
1150;271;271740;194;194.64.91.0;
1150;271;271750;194;194.64.92.0;
1150;271;271760;194;194.64.93.0;
1150;271;271770;194;194.64.94.0;
1150;271;271730;194;194.64.95.0;
1150;250;250000;194;194.65.0.0;
1150;250;250100;194;194.65.1.0;
1150;250;250615;194;194.65.15.0;
1150;250;250620;194;194.65.20.0;
1150;250;250620;194;194.65.20.10;
1150;250;250620;194;194.65.20.15;
1150;250;250625;194;194.65.25.0;
1150;250;250630;194;194.65.30.0;
1150;250;250695;194;194.65.35.0;
1150;250;250695;194;194.65.35.20;
1150;250;250695;194;194.65.35.5;
1150;250;250670;194;194.65.60.0;
1150;250;250680;194;194.65.70.0;
1150;250;250680;194;194.65.70.20;
1150;250;250690;194;194.65.80.0;
1150;272;272000;194;194.66.0.0;
1150;272;272920;194;194.66.1.0;
1150;272;272440;194;194.66.10.0;
1150;272;272425;194;194.66.15.0;
1150;272;272828;194;194.66.20.0;
1150;272;272850;194;194.66.25.0;
1150;272;272428;194;194.66.30.0;
1150;272;272429;194;194.66.35.0;
1150;272;272840;194;194.66.40.0;
1150;272;272830;194;194.66.45.0;
1150;272;272200;194;194.66.50.0;
1150;210;210000;194;194.67.0.0;
1150;210;210100;194;194.67.1.0;
1150;210;210810;194;194.67.25.0;
1150;210;210690;194;194.67.40.0;
1150;210;210880;194;194.67.45.0;
1150;210;210940;194;194.67.70.0;
1150;210;210220;194;194.67.75.0;
1150;210;210630;194;194.67.80.0;
1150;210;210630;194;194.67.80.30;
1150;210;210630;194;194.67.80.40;
1150;210;210640;194;194.67.90.0;
9205;;;195;195.0.0.0;top_level
9205;;;195;195.1.0.0;
9205;;;195;195.10.0.0;
9205;;;195;195.20.0.0;
9205;;;195;195.3.0.0;
9205;;;195;195.30.0.0;
9205;;;195;195.40.0.0;
9205;;;195;195.5.0.0;
9933;;;1990;1990.0.0.0;top_level
9933;;;1990;1990.18.1.0;
1171;;;201;201.0.0.0;top_level
1171;120;120000;201;201.12.0.0;
1171;;;201;201.13.0.0;
1171;440;440000;201;201.14.0.0;
1171;440;440210;201;201.14.1.0;
1171;440;440220;201;201.14.2.0;
1171;440;440230;201;201.14.3.0;
1171;440;440240;201;201.14.4.0;
1171;490;490000;201;201.15.0.0;
1171;490;490210;201;201.15.1.0;
1171;490;490220;201;201.15.2.0;
1171;490;490230;201;201.15.3.0;
1171;490;490240;201;201.15.4.0;
1171;425;425000;201;201.17.0.0;
1171;425;425230;201;201.17.1.0;
1171;425;425220;201;201.17.2.0;
1171;425;425240;201;201.17.3.0;
1171;460;460000;201;201.18.0.0;
1171;460;460210;201;201.18.1.0;
1171;460;460280;201;201.18.3.0;
1171;460;460230;201;201.18.4.0;
1171;460;460240;201;201.18.6.0;
1171;460;460250;201;201.18.7.0;
1171;420;420000;201;201.19.0.0;
1171;420;420210;201;201.19.1.0;
1171;420;420220;201;201.19.2.0;
1171;420;420230;201;201.19.3.0;
1171;420;420240;201;201.19.4.0;
1171;415;415000;201;201.20.0.0;
1171;415;415210;201;201.20.1.0;
1171;415;415220;201;201.20.2.0;
1171;415;415230;201;201.20.3.0;
1171;415;415240;201;201.20.4.0;
1171;430;430000;201;201.8.0.0;
9961;;;2012;2012.0.0.0;top_level
9961;;;2012;2012.10.40.0;
9961;;;2012;2012.10.50.0;
9961;;;2012;2012.26.71.0;
9961;;;2012;2012.26.72.0;
9961;;;2012;2012.26.73.0;
9961;;;2012;2012.26.74.0;
9961;;;2012;2012.26.75.0;
9961;;;2012;2012.30.30.0;
238;;;203;203.0.0.0;top_level
238;230;230000;203;203.10.0.0;
238;230;230210;203;203.10.1.0;
238;230;230220;203;203.10.2.0;
238;230;230230;203;203.10.3.0;
238;230;230240;203;203.10.4.0;
238;210;210000;203;203.11.0.0;
238;210;210210;203;203.11.1.0;
238;210;210270;203;203.11.11.0;
238;210;210220;203;203.11.2.0;
238;210;210230;203;203.11.3.0;
238;250;250000;203;203.14.0.0;
238;250;250330;203;203.14.1.0;
238;250;250310;203;203.14.2.0;
238;250;250340;203;203.14.3.0;
238;250;250320;203;203.14.4.0;
238;250;250350;203;203.14.5.0;
238;250;250380;203;203.14.6.0;
238;120;120000;203;203.19.0.0;
1174;;;204;204.0.0.0;top_level
1174;120;120000;204;204.10.0.0;
1174;120;120000;204;204.20.0.0;
1174;530;530000;204;204.30.0.0;
1174;520;520000;204;204.40.0.0;
1174;510;510000;204;204.50.0.0;
1174;540;540000;204;204.70.0.0;
1174;550;550000;204;204.80.0.0;
264;;;209;209.0.0.0;top_level
264;410;410000;209;209.2.0.0;
264;410;410200;209;209.2.1.0;
264;410;410100;209;209.2.2.0;
264;410;410300;209;209.2.3.0;
264;420;420000;209;209.3.0.0;
264;420;420200;209;209.3.1.0;
264;420;420100;209;209.3.2.0;
264;430;430000;209;209.3.4.0;
264;450;450000;209;209.4.0.0;
264;450;450600;209;209.4.7.0;
264;450;450700;209;209.4.8.0;
264;450;450800;209;209.4.9.0;
264;460;460000;209;209.5.0.0;
264;460;460100;209;209.5.10.0;
264;460;460700;209;209.5.11.0;
264;460;460300;209;209.5.2.0;
264;460;460200;209;209.5.3.0;
264;460;460500;209;209.5.5.0;
264;460;460600;209;209.5.6.0;
264;460;460400;209;209.5.7.0;
264;460;460900;209;209.5.8.0;
264;460;460800;209;209.5.9.0;
264;440;440000;209;209.6.0.0;
264;440;440300;209;209.6.2.0;
264;440;440100;209;209.6.3.0;
264;440;440500;209;209.6.4.0;
264;440;440400;209;209.6.5.0;
264;440;440800;209;209.6.7.0;
264;440;440700;209;209.6.8.0;
264;440;440020;209;209.6.9.0;
264;;;209;209.7.0.0;
232;;;211;211.0.0.0;top_level
232;440;440000;211;211.2.0.0;
232;120;120000;211;211.3.0.0;
232;461;461000;211;211.4.0.0;
232;462;462000;211;211.5.0.0;
1175;510;510390;215;215.0.0.0;top_level
1175;130;130000;215;215.1.0.0;
1175;130;130100;215;215.1.1.0;
1175;170;170000;215;215.1.10.0;
1175;130;130200;215;215.1.2.0;
1175;130;130000;215;215.1.3.0;
1175;140;140000;215;215.1.4.0;
1175;140;140100;215;215.1.4.1;
1175;140;140200;215;215.1.4.2;
1175;150;150000;215;215.1.5.0;
1175;150;150100;215;215.1.5.1;
1175;130;130000;215;215.11.0.0;
1175;720;720000;215;215.16.0.0;
1175;720;720100;215;215.16.1.0;
1175;720;720200;215;215.16.2.0;
1175;720;720300;215;215.16.3.0;
1175;720;720400;215;215.16.4.0;
1175;510;510000;215;215.3.0.0;
1175;510;510220;215;215.3.1.0;
1175;510;510380;215;215.3.10.0;
1175;510;510390;215;215.3.11.0;
1175;510;510350;215;215.3.12.0;
1175;510;510350;215;215.3.12.1;
1175;510;510350;215;215.3.12.2;
1175;510;510350;215;215.3.12.3;
1175;510;510350;215;215.3.12.4;
1175;510;510350;215;215.3.12.5;
1175;510;510370;215;215.3.2.0;
1175;510;510000;215;215.3.9.0;
1175;520;520000;215;215.4.0.0;
1175;520;520220;215;215.4.1.0;
1175;520;520310;215;215.4.2.0;
1175;520;520320;215;215.4.3.0;
1175;520;520330;215;215.4.4.0;
1175;520;520340;215;215.4.5.0;
1175;520;520000;215;215.4.6.0;
1175;520;520350;215;215.4.7.0;
1175;530;530000;215;215.5.0.0;
1175;530;530220;215;215.5.1.0;
1175;530;530310;215;215.5.2.0;
1175;530;530320;215;215.5.3.0;
1175;530;530340;215;215.5.5.0;
1175;530;530340;215;215.5.5.10;
1175;530;530340;215;215.5.5.6;
1175;530;530340;215;215.5.5.7;
1175;530;530340;215;215.5.5.8;
1175;530;530340;215;215.5.5.9;
1175;530;530350;215;215.5.6.0;
1175;530;530350;215;215.5.6.1;
1175;530;530350;215;215.5.6.2;
1175;530;530350;215;215.5.6.3;
1175;530;530350;215;215.5.6.4;
1175;530;530350;215;215.5.6.5;
1175;530;530000;215;215.5.7.0;
1175;530;530370;215;215.5.9.0;
1175;540;540000;215;215.6.0.0;
1175;540;540220;215;215.6.1.0;
1175;540;540310;215;215.6.2.0;
1175;540;540350;215;215.6.3.0;
1175;540;540330;215;215.6.4.0;
1175;540;540320;215;215.6.5.0;
1175;540;540340;215;215.6.6.0;
1175;540;540000;215;215.6.7.0;
1175;540;540360;215;215.6.8.0;
1175;620;620000;215;215.9.0.0;
1160;;;217;217.0.0.0;top_level
1160;;;217;217.1.0.0;
1160;130;130210;217;217.1.1.0;
1160;120;120000;217;217.10.0.0;
1160;120;120000;217;217.11.0.0;
1160;120;120260;217;217.12.0.0;
1160;250;250000;217;217.13.0.0;
1160;250;250220;217;217.13.1.0;
1160;250;250230;217;217.13.2.0;
1160;250;250240;217;217.13.3.0;
1160;250;250100;217;217.13.9.0;
1160;230;230000;217;217.14.0.0;
1160;230;230220;217;217.14.1.0;
1160;230;230230;217;217.14.2.0;
1160;230;230240;217;217.14.3.0;
1160;250;250100;217;217.14.9.0;
1160;240;240000;217;217.15.0.0;
1160;240;240220;217;217.15.1.0;
1160;240;240230;217;217.15.2.0;
1160;240;240100;217;217.15.9.0;
1160;120;120000;217;217.2.0.0;
1160;120;120270;217;217.2.1.0;
1160;210;210000;217;217.21.0.0;
1160;220;220000;217;217.22.0.0;
1160;220;220100;217;217.22.1.0;
1160;230;230000;217;217.23.0.0;
1160;240;240000;217;217.24.0.0;
1160;250;250000;217;217.25.0.0;
1160;250;250100;217;217.25.1.0;
1160;260;260000;217;217.26.0.0;
1160;260;260100;217;217.26.1.0;
1160;120;120000;217;217.3.0.0;
1160;120;120220;217;217.3.2.0;
1160;120;120230;217;217.3.3.0;
1160;120;120230;217;217.3.3.1;
1160;120;120230;217;217.3.3.2;
1160;120;120230;217;217.3.3.3;
1160;120;120240;217;217.3.4.0;
1160;120;120250;217;217.3.5.0;
1160;120;120250;217;217.3.5.1;
1160;120;120250;217;217.3.5.2;
1160;320;320200;217;217.32.2.0;
1160;320;320300;217;217.32.3.0;
1160;320;320400;217;217.32.4.0;
1160;320;320500;217;217.32.5.0;
1160;130;130000;217;217.4.0.0;
1160;130;130230;217;217.4.3.0;
1160;130;130230;217;217.4.3.1;
1160;130;130230;217;217.4.3.2;
1160;130;130230;217;217.4.3.3;
1160;310;310000;217;217.5.0.0;
1160;310;310000;217;217.5.1.0;
1160;310;310000;217;217.5.10.0;
1160;310;310000;217;217.5.11.0;
1160;310;310000;217;217.5.12.0;
1160;310;310000;217;217.5.2.0;
1160;310;310000;217;217.5.3.0;
1160;310;310000;217;217.5.4.0;
1160;310;310000;217;217.5.5.0;
1160;310;310000;217;217.5.6.0;
1160;310;310000;217;217.5.7.0;
1160;310;310000;217;217.5.8.0;
1160;140;140000;217;217.51.0.0;
1160;140;140210;217;217.51.1.0;
1160;150;150000;217;217.52.0.0;
1160;150;150210;217;217.52.1.0;
1160;150;150210;217;217.52.1.1;
1160;150;150210;217;217.52.1.2;
1160;150;150210;217;217.52.1.3;
1160;150;150210;217;217.52.1.4;
1160;150;150210;217;217.52.1.5;
1160;150;150220;217;217.52.2.0;
1160;150;150230;217;217.52.3.0;
1160;150;150240;217;217.52.4.0;
1160;160;160000;217;217.53.0.0;
1160;160;160210;217;217.53.1.0;
1160;160;160220;217;217.53.2.0;
1160;160;160220;217;217.53.2.1;
1160;160;160220;217;217.53.2.2;
1160;160;160220;217;217.53.2.3;
1160;170;170000;217;217.54.0.0;
1160;170;170210;217;217.54.1.0;
1160;170;170220;217;217.54.2.0;
1160;180;180000;217;217.55.0.0;
1160;180;180210;217;217.55.1.0;
1160;180;180210;217;217.55.1.1;
1160;180;180210;217;217.55.1.2;
1160;180;180210;217;217.55.1.3;
1160;180;180210;217;217.55.1.4;
1160;180;180220;217;217.55.2.0;
1160;180;180230;217;217.55.3.0;
1160;180;180230;217;217.55.3.1;
1160;180;180230;217;217.55.3.2;
1160;180;180230;217;217.55.3.3;
1160;180;180230;217;217.55.3.4;
1160;180;180230;217;217.55.3.5;
1160;180;180230;217;217.55.3.6;
1160;180;180240;217;217.55.4.0;
1160;180;180250;217;217.55.5.0;
1160;180;180250;217;217.55.5.1;
1160;180;180250;217;217.55.5.2;
1160;180;180250;217;217.55.5.3;
1160;180;180250;217;217.55.5.4;
1160;180;180260;217;217.55.6.0;
1160;220;220000;217;217.6.0.0;
1160;220;220220;217;217.6.2.0;
1160;220;220220;217;217.6.2.1;
1160;220;220230;217;217.6.3.0;
1160;220;220230;217;217.6.3.1;
1160;220;220240;217;217.6.4.0;
1160;220;220240;217;217.6.4.1;
1160;220;220250;217;217.6.5.0;
1160;220;220250;217;217.6.5.10;
1160;220;220250;217;217.6.5.11;
1160;220;220250;217;217.6.5.20;
1160;220;220250;217;217.6.5.21;
1160;220;220260;217;217.6.6.0;
1160;220;220260;217;217.6.6.1;
1160;220;220260;217;217.6.6.2;
1160;220;220270;217;217.6.7.0;
1160;220;220100;217;217.6.9.0;
1160;220;220000;217;217.6.9.1;
1160;220;220100;217;217.6.9.3;
1160;220;220100;217;217.6.9.4;
1160;220;220100;217;217.6.9.5;
1160;220;220100;217;217.6.9.6;
1160;220;220100;217;217.6.9.7;
1160;220;220100;217;217.6.9.8;
1160;220;220100;217;217.6.9.9;
1160;210;210000;217;217.7.0.0;
1160;210;210220;217;217.7.3.0;
1160;210;210240;217;217.7.5.0;
1160;210;210245;217;217.7.6.0;
1160;210;210250;217;217.7.7.0;
1160;210;210100;217;217.7.9.0;
1160;210;210000;217;217.7.9.1;
1160;210;210000;217;217.7.9.2;
1160;210;210100;217;217.7.9.3;
1160;210;210100;217;217.7.9.4;
1160;210;210100;217;217.7.9.5;
1160;210;210100;217;217.7.9.7;
1160;260;260000;217;217.8.0.0;
1160;260;260100;217;217.8.1.0;
1160;260;260100;217;217.8.1.1;
1160;260;260100;217;217.8.1.2;
1160;260;260270;217;217.8.10.0;
1160;260;260270;217;217.8.10.1;
1160;260;260280;217;217.8.11.0;
1160;260;260260;217;217.8.2.0;
1160;260;260210;217;217.8.2.1;
1160;260;260220;217;217.8.3.0;
1160;260;260230;217;217.8.4.0;
1160;260;260230;217;217.8.4.1;
1160;260;260240;217;217.8.5.0;
1160;260;260240;217;217.8.5.1;
1160;260;260290;217;217.8.6.0;
1160;260;260290;217;217.8.6.50;
1160;320;320400;217;217.9.0.0;
1160;320;320100;217;217.9.1.0;
1160;230;230000;217;217.9.2.0;
1160;320;320200;217;217.9.3.0;
1160;320;320500;217;217.9.4.0;
1160;320;320300;217;217.9.5.0;
1176;;;222;222.0.0.0;top_level
1176;210;210000;222;222.10.0.0;
1176;220;220000;222;222.20.0.0;
1176;230;230000;222;222.21.0.0;
1176;240;240000;222;222.22.0.0;
1176;240;240000;222;222.22.1.0;
1176;250;250000;222;222.23.0.0;
1176;260;260000;222;222.30.0.0;
1176;260;260000;222;222.30.1.0;
1176;610;610000;222;222.56.0.0;
1176;610;610200;222;222.56.1.0;
1176;610;610300;222;222.56.2.0;
1176;610;610400;222;222.56.3.0;
1176;610;610200;222;222.56.9.0;
1176;620;620000;222;222.57.0.0;
1176;620;620200;222;222.57.1.0;
1176;620;620300;222;222.57.2.0;
1176;620;620400;222;222.57.3.0;
1176;620;620500;222;222.57.4.0;
1176;630;630000;222;222.58.0.0;
1176;630;630200;222;222.58.1.0;
1176;630;630300;222;222.58.2.0;
1176;630;630400;222;222.58.3.0;
1176;630;630500;222;222.58.4.0;
1176;630;630600;222;222.58.5.0;
1176;630;630700;222;222.58.6.0;
1176;640;640000;222;222.59.0.0;
1176;640;640200;222;222.59.1.0;
1176;640;640300;222;222.59.2.0;
1176;640;640400;222;222.59.3.0;
1176;640;640500;222;222.59.4.0;
1176;640;640600;222;222.59.5.0;
1176;640;640700;222;222.59.6.0;
1176;640;640800;222;222.59.7.0;
236;;;223;223.0.0.0;top_level
236;120;120000;223;223.1.0.0;
236;415;415000;223;223.12.0.0;
236;415;415000;223;223.12.20.0;
236;415;415000;223;223.12.30.0;
236;415;415000;223;223.12.40.0;
236;415;415000;223;223.12.50.0;
236;423;423000;223;223.15.0.0;
236;423;423000;223;223.15.10.0;
236;423;423000;223;223.15.30.0;
236;423;423000;223;223.15.40.0;
236;425;425000;223;223.16.0.0;
236;425;425000;223;223.16.2.0;
236;425;425000;223;223.16.3.0;
236;425;425000;223;223.16.4.0;
236;426;426000;223;223.18.0.0;
236;426;426000;223;223.18.10.0;
236;426;426000;223;223.18.20.0;
236;426;426000;223;223.18.30.0;
236;426;426000;223;223.18.40.0;
236;450;450000;223;223.18.50.0;
236;427;427000;223;223.19.0.0;
256;;;224;224.0.0.0;top_level
256;130;130000;224;224.12.0.0;
256;120;120000;224;224.20.0.0;
256;350;350000;224;224.35.0.0;
256;350;350100;224;224.35.10.0;
256;350;350200;224;224.35.20.0;
256;350;350300;224;224.35.30.0;
256;350;350600;224;224.35.60.0;
256;360;360000;224;224.45.0.0;
256;360;360100;224;224.45.10.0;
256;360;360200;224;224.45.20.0;
256;370;370000;224;224.65.0.0;
256;370;370100;224;224.65.10.0;
256;370;370200;224;224.65.20.0;
256;370;370300;224;224.65.30.0;
256;470;470000;224;224.70.0.0;
256;510;510000;224;224.80.0.0;
8202;;;230;230.0.0.0;top_level
217;;;231;231.0.0.0;top_level
1301;;;233;233.0.0.0;top_level
8208;;;251;251.0.0.0;top_level
8208;460;460000;251;251.1.0.0;
8208;140;140200;251;251.1.1.0;
8208;140;140300;251;251.1.2.0;
8208;450;450000;251;251.2.0.0;
8208;440;440000;251;251.3.0.0;
8208;440;440500;251;251.3.1.0;
8208;440;440400;251;251.3.2.0;
8208;440;440600;251;251.3.3.0;
8208;140;140000;251;251.4.0.0;
8208;140;140100;251;251.4.1.0;
8208;150;150000;251;251.5.0.0;
8224;;;253;253.0.0.0;top_level
8223;;;254;254.0.0.0;top_level
8232;;;255;255.0.0.0;top_level
8234;;;258;258.0.0.0;top_level
8234;220;220000;258;258.1.0.0;
8234;210;210000;258;258.2.0.0;
8234;230;230000;258;258.3.0.0;
6220;;;260;260.0.0.0;top_level
6220;440;440000;260;260.1.0.0;
6220;470;470000;260;260.2.0.0;
6220;410;410000;260;260.3.0.0;
6220;460;460000;260;260.4.0.0;
6220;450;450000;260;260.5.0.0;
6220;430;430000;260;260.6.0.0;
6220;120;120000;260;260.7.0.0;
9806;;;6077;6077.0.0.0;top_level
9972;;;7492;7492.0.0.0;top_level
9972;;;7492;7492.1.0.0;
9972;;;7492;7492.1.1.0;
9972;;;7492;7492.1.1.1;
9972;;;7492;7492.1.1.2;
9972;;;7492;7492.1.1.3;
9972;;;7492;7492.1.2.0;
9972;;;7492;7492.1.2.1;
9972;;;7492;7492.1.2.2;
9972;;;7492;7492.1.2.3;
9972;;;7492;7492.1.2.4;
9972;;;7492;7492.1.3.0;
9972;;;7492;7492.1.3.1;
9972;;;7492;7492.1.3.2;
9972;;;7492;7492.1.3.3;
9972;;;7492;7492.1.8.0;
9972;;;7492;7492.1.8.1;
9972;;;7492;7492.1.8.2;
9972;;;7492;7492.1.8.3;
9972;;;7492;7492.12.0.0;
9972;;;7492;7492.12.1.0;
9972;;;7492;7492.12.1.1;
9972;;;7492;7492.12.1.2;
9972;;;7492;7492.12.1.3;
9972;;;7492;7492.12.2.0;
9972;;;7492;7492.12.2.1;
9972;;;7492;7492.12.2.2;
9972;;;7492;7492.12.3.0;
9972;;;7492;7492.12.3.1;
9972;;;7492;7492.12.3.2;
9972;;;7492;7492.13.0.0;
9972;;;7492;7492.13.1.0;
9972;;;7492;7492.13.1.1;
9972;;;7492;7492.13.1.2;
9972;;;7492;7492.13.1.3;
9972;;;7492;7492.13.2.0;
9972;;;7492;7492.13.2.1;
9972;;;7492;7492.13.2.2;
9972;;;7492;7492.14.0.0;
9972;;;7492;7492.14.1.0;
9972;;;7492;7492.14.2.0;
9972;;;7492;7492.14.3.0;
9972;;;7492;7492.14.4.0;
9972;;;7492;7492.8.0.0;
9972;;;7492;7492.9.0.0;
9972;;;7492;7492.9.1.0;
